"","Strategy","Cost","Effect","NMB","Inc_Cost","Inc_Effect","ICER"
"1","Usual care","115414.831188968","19.4595827471125","1149458.04737334",NA,NA,NA
"2","New treatment","212866.531304463","20.1566917302682","1097318.43116297","97451.7001154942","0.697108983155694","139794.067312613"
